0,0.9943082381,0.5026910629,0.8414133827
0.004882887007,0.995121347,0.5047672239,0.8377868397
0.009918364233,0.9943082381,0.5047672239,0.8377868397
0.01495384146,0.995121347,0.5068237411,0.8377868397
0.01998931869,0.9943082381,0.5047672239,0.8450111274
0.02487220569,0.995121347,0.5047672239,0.8414133827
0.02990768292,0.9943082381,0.5068237411,0.8414133827
0.03494316014,0.995121347,0.5088610605,0.8414133827
0.03997863737,0.9943082381,0.5047672239,0.8414133827
0.04486152438,0.995121347,0.5047672239,0.8377868397
0.0498970016,0.9943082381,0.5047672239,0.8414133827
0.05493247883,0.995121347,0.5088610605,0.8377868397
0.05996795605,0.9943082381,0.5026910629,0.8414133827
0.06485084306,0.9947147926,0.5088610605,0.8414133827
0.06988632029,0.9943082381,0.5047672239,0.8414133827
0.07492179751,0.9947147926,0.5068237411,0.8414133827
0.07995727474,0.9943082381,0.5026910629,0.8414133827
0.08499275197,0.9947147926,0.5068237411,0.8450111274
0.08987563897,0.995121347,0.5068237411,0.8377868397
0.0949111162,0.9943082381,0.5068237411,0.8450111274
0.09994659342,0.995121347,0.5088610605,0.8377868397
0.1049820707,0.9947147926,0.5088610605,0.8450111274
0.1098649577,0.995121347,0.5047672239,0.8377868397
0.1149004349,0.9943082381,0.5047672239,0.8450111274
0.1199359121,0.995121347,0.5047672239,0.8377868397
0.1249713893,0.9943082381,0.5026910629,0.8450111274
0.1298542763,0.995121347,0.5068237411,0.8377868397
0.1348897536,0.9943082381,0.5088610605,0.8450111274
0.1399252308,0.995121347,0.5047672239,0.8377868397
0.144960708,0.9943082381,0.5068237411,0.8450111274
0.1499961852,0.995121347,0.5047672239,0.834130906
0.1548790723,0.9939016837,0.5068237411,0.8450111274
0.1599145495,0.995121347,0.5068237411,0.8377868397
0.1649500267,0.9943082381,0.5088610605,0.8414133827
0.1699855039,0.995121347,0.5047672239,0.8377868397
0.1748683909,0.9943082381,0.5047672239,0.8485806474
0.1799038682,0.995121347,0.5047672239,0.8377868397
0.1849393454,0.9943082381,0.5068237411,0.8450111274
0.1899748226,0.995121347,0.5047672239,0.8414133827
0.1948577096,0.9943082381,0.5088610605,0.8450111274
0.1998931869,0.995121347,0.5068237411,0.8377868397
0.2049286641,0.9943082381,0.5068237411,0.8414133827
0.2099641413,0.995121347,0.5068237411,0.8414133827
0.2149996185,0.9943082381,0.5047672239,0.8414133827
0.2198825055,0.995121347,0.5088610605,0.8414133827
0.2249179828,0.9943082381,0.5068237411,0.8414133827
0.22995346,0.9947147926,0.5088610605,0.8377868397
0.2349889372,0.9947147926,0.5047672239,0.8414133827
0.2398718242,0.9947147926,0.5068237411,0.8414133827
0.2449073014,0.9947147926,0.5026910629,0.8450111274
0.2499427787,0.9947147926,0.5068237411,0.8450111274
0.2549782559,0.9947147926,0.5068237411,0.8377868397
0.2598611429,0.9943082381,0.5088610605,0.8450111274
0.2648966201,0.995121347,0.5047672239,0.8377868397
0.2699320974,0.9943082381,0.5068237411,0.8450111274
0.2749675746,0.995121347,0.5088610605,0.8414133827
0.2798504616,0.9947147926,0.5047672239,0.8414133827
0.2848859388,0.9947147926,0.5088610605,0.8485806474
0.289921416,0.995121347,0.5047672239,0.8414133827
0.2949568933,0.9943082381,0.5068237411,0.8485806474
0.2999923705,0.9947147926,0.5088610605,0.8414133827
0.3048752575,0.995121347,0.5047672239,0.8414133827
0.3099107347,0.9939016837,0.5068237411,0.8485806474
0.314946212,0.995121347,0.5088610605,0.8414133827
0.3199816892,0.9947147926,0.5047672239,0.8377868397
0.3248645762,0.9943082381,0.5108796119,0.8485806474
0.3299000534,0.995121347,0.5088610605,0.8450111274
0.3349355306,0.9947147926,0.5047672239,0.8414133827
0.3399710079,0.9943082381,0.5088610605,0.8485806474
0.3448538949,0.995121347,0.5088610605,0.8485806474
0.3498893721,0.995121347,0.5068237411,0.8450111274
0.3549248493,0.9943082381,0.5047672239,0.8450111274
0.3599603265,0.9947147926,0.5088610605,0.8450111274
0.3649958038,0.9947147926,0.5088610605,0.8414133827
0.3698786908,0.995121347,0.5068237411,0.8414133827
0.374914168,0.9947147926,0.5047672239,0.8414133827
0.3799496452,0.9943082381,0.5088610605,0.8414133827
0.3849851225,0.9943082381,0.5068237411,0.8450111274
0.3898680095,0.995121347,0.5088610605,0.8414133827
0.3949034867,0.9947147926,0.5068237411,0.8414133827
0.3999389639,0.9943082381,0.5047672239,0.8450111274
0.4049744411,0.9943082381,0.5088610605,0.852122498
0.4098573282,0.9947147926,0.5088610605,0.8485806474
0.4148928054,0.995121347,0.5068237411,0.8414133827
0.4199282826,0.995121347,0.5026910629,0.8414133827
0.4249637598,0.9943082381,0.5068237411,0.8450111274
0.4299992371,0.9943082381,0.5068237411,0.8485806474
0.4348821241,0.995121347,0.5108796119,0.8485806474
0.4399176013,0.995121347,0.5088610605,0.8450111274
0.4449530785,0.9947147926,0.5047672239,0.8414133827
0.4499885557,0.9943082381,0.5068237411,0.8485806474
0.4548714427,0.9825181599,0.51287981,0.8485806474
0.45990692,0.9686953097,0.5207048763,0.8485806474
0.4649423972,0.8129341477,0.6444154865,0.8728215508
0.4699778744,0.6669557015,0.8670131838,0.9476967257
0.4748607614,0.6254871506,1,1
0.4798962387,0.6254871506,0.9880077156,0.9920785366
0.4849317159,0.6258937051,0.9774526544,0.9647857075
0.4899671931,0.6263002595,0.967082809,0.9418713356
0.4948500801,0.6258937051,0.9652527798,0.9270072334
0.4998855573,0.6254871506,0.9647940114,0.9209358061
0.5049210346,0.6254871506,0.9652527798,0.9147891187
0.5099565118,0.6258937051,0.9652527798,0.9054226589
0.514991989,0.6263002595,0.9634146577,0.8958727083
0.519874876,0.6258937051,0.9601782063,0.8958727083
0.5249103533,0.6254871506,0.9545703249,0.8958727083
0.5299458305,0.6258937051,0.948407504,0.8893995207
0.5349813077,0.6263002595,0.9450501739,0.8795224514
0.5398641947,0.6258937051,0.9431191965,0.8795224514
0.5448996719,0.6254871506,0.9402053996,0.8828376345
0.5499351492,0.6254871506,0.9382511566,0.8795224514
0.5549706264,0.6258937051,0.9377611161,0.8795224514
0.5598535134,0.6263002595,0.9367792471,0.8728215508
0.5648889906,0.6258937051,0.936287415,0.8795224514
0.5699244678,0.6254871506,0.936287415,0.8795224514
0.5749599451,0.6254871506,0.9367792471,0.8795224514
0.5799954223,0.6263002595,0.9372704802,0.8761838978
0.5848783093,0.6263002595,0.9367792471,0.8761838978
0.5899137865,0.6258937051,0.9367792471,0.8795224514
0.5949492638,0.6254871506,0.9367792471,0.8828376345
0.599984741,0.6258937051,0.936287415,0.8828376345
0.604867628,0.6263002595,0.936287415,0.8795224514
0.6099031052,0.6258937051,0.9303380583,0.8761838978
0.6149385824,0.6254871506,0.9268263932,0.8828376345
0.6199740597,0.6258937051,0.9258173639,0.8761838978
0.6248569467,0.6263002595,0.9258173639,0.8728215508
0.6298924239,0.6258937051,0.9242990145,0.8694349751
0.6349279011,0.6254871506,0.9253118902,0.8728215508
0.6399633784,0.6254871506,0.9253118902,0.8795224514
0.6449988556,0.6254871506,0.9253118902,0.8761838978
0.6498817426,0.6258937051,0.9248057744,0.8761838978
0.6549172198,0.6258937051,0.9253118902,0.8694349751
0.659952697,0.6258937051,0.9242990145,0.8694349751
0.6649881743,0.6258937051,0.9237916086,0.8728215508
0.6698710613,0.6258937051,0.9207334936,0.8694349751
0.6749065385,0.6258937051,0.9197088615,0.8728215508
0.6799420157,0.6254871506,0.9171356167,0.8761838978
0.6849774929,0.6254871506,0.9161016084,0.8761838978
0.68986038,0.6254871506,0.9161016084,0.8761838978
0.6948958572,0.6258937051,0.9166189511,0.8728215508
0.6999313344,0.6258937051,0.9155835863,0.8728215508
0.7049668116,0.6263002595,0.9140254221,0.8728215508
0.7098496986,0.6263002595,0.9114146899,0.8694349751
0.7148851759,0.6258937051,0.9093135298,0.8694349751
0.7199206531,0.6258937051,0.9093135298,0.8694349751
0.7249561303,0.6258937051,0.9072010339,0.8660237226
0.7299916075,0.6258937051,0.9045109197,0.8660237226
0.7348744946,0.6254871506,0.9034430205,0.8728215508
0.7399099718,0.6267068139,0.901298384,0.8728215508
0.744945449,0.6271133684,0.899682095,0.8694349751
0.7499809262,0.6271133684,0.8991418307,0.8694349751
0.7548638132,0.6275199228,0.8991418307,0.8660237226
0.7598992905,0.6275199228,0.8980590347,0.8625873316
0.7649347677,0.6271133684,0.8964291336,0.8660237226
0.7699702449,0.6267068139,0.8947923212,0.8660237226
0.7748531319,0.6275199228,0.8936972381,0.8660237226
0.7798886091,0.6283330316,0.8925990299,0.8694349751
0.7849240864,0.6291461404,0.8898396941,0.8728215508
0.7899595636,0.6368706744,0.8865020403,0.8728215508
0.7949950408,0.6401231098,0.8825708578,0.8728215508
0.7998779278,0.6405296642,0.8825708578,0.8728215508
0.8049134051,0.6405296642,0.8870603434,0.8694349751
0.8099488823,0.6405296642,0.8870603434,0.8728215508
0.8149843595,0.6263002595,0.9050437732,0.8761838978
0.8198672465,0.6258937051,0.9093135298,0.8861298578
0.8249027237,0.6279264772,0.8898396941,0.8795224514
0.829938201,0.6323985758,0.8859429195,0.8761838978
0.8349736782,0.6336182391,0.885382978,0.8761838978
0.8398565652,0.6352444567,0.8825708578,0.8728215508
0.8448920424,0.6397165553,0.8808735475,0.8728215508
0.8499275197,0.6401231098,0.8774559561,0.8728215508
0.8549629969,0.6409362186,0.8745841635,0.8694349751
0.8599984741,0.6421558819,0.8716903038,0.8694349751
0.8648813611,0.6433755451,0.8705264882,0.8694349751
0.8699168383,0.6437820995,0.8681879559,0.8660237226
0.8749523156,0.6437820995,0.8670131838,0.8694349751
0.8799877928,0.6433755451,0.8705264882,0.8694349751
0.8848706798,0.6421558819,0.8728505221,0.8728215508
0.889906157,0.6421558819,0.8728505221,0.8728215508
0.8949416342,0.6421558819,0.8722708609,0.8694349751
0.8999771115,0.6421558819,0.8728505221,0.8694349751
0.9048599985,0.6421558819,0.8734292907,0.8728215508
0.9098954757,0.6417493274,0.8745841635,0.8761838978
0.9149309529,0.6417493274,0.8751602743,0.8761838978
0.9199664302,0.641342773,0.8745841635,0.8761838978
0.9248493172,0.641342773,0.8745841635,0.8761838978
0.9298847944,0.641342773,0.8734292907,0.8761838978
0.9349202716,0.6417493274,0.8740071701,0.8728215508
0.9399557488,0.6421558819,0.8740071701,0.8728215508
0.9449912261,0.6417493274,0.8751602743,0.8761838978
0.9498741131,0.641342773,0.8751602743,0.8761838978
0.9549095903,0.641342773,0.8745841635,0.8761838978
0.9599450675,0.641342773,0.8734292907,0.8761838978
0.9649805448,0.6417493274,0.8734292907,0.8694349751
0.9698634318,0.6421558819,0.8740071701,0.8728215508
0.974898909,0.6417493274,0.8740071701,0.8761838978
0.9799343862,0.641342773,0.8722708609,0.8761838978
0.9849698634,0.6417493274,0.8705264882,0.8728215508
0.9898527504,0.6429689907,0.8687739602,0.8694349751
0.9948882277,0.6437820995,0.8670131838,0.8728215508
0.9999237049,0.6437820995,0.8670131838,0.8761838978
1.004959182,0.6437820995,0.8658347035,0.8795224514
1.009994659,0.6441886539,0.8646524864,0.8761838978
1.014877546,0.6445952084,0.8634665036,0.8694349751
1.019913024,0.6445952084,0.8634665036,0.8694349751
1.024948501,0.6445952084,0.8640599675,0.8728215508
1.029983978,0.6441886539,0.8640599675,0.8761838978
1.034866865,0.6445952084,0.8616804046,0.8761838978
1.039902342,0.6450017628,0.8604848786,0.8761838978
1.04493782,0.6458148716,0.8604848786,0.8694349751
1.049973297,0.6458148716,0.8610831234,0.8728215508
1.054856184,0.6454083172,0.8610831234,0.8795224514
1.059891661,0.6458148716,0.8604848786,0.8828376345
1.064927138,0.6458148716,0.8592854829,0.8795224514
1.069962615,0.646221426,0.8586843242,0.8728215508
1.074998093,0.6466279805,0.8592854829,0.8694349751
1.07988098,0.646221426,0.8598856664,0.8728215508
1.084916457,0.6458148716,0.8598856664,0.8761838978
1.089951934,0.646221426,0.8580821867,0.8761838978
1.094987411,0.6466279805,0.8562698613,0.8795224514
1.099870298,0.6474410893,0.8568749591,0.8694349751
1.104905776,0.6482541981,0.8556637688,0.8761838978
1.109941253,0.6482541981,0.8538394836,0.8761838978
1.11497673,0.6486607526,0.8513929339,0.8761838978
1.119859617,0.649067307,0.84954725,0.8761838978
1.124895094,0.6494738614,0.8501635122,0.8728215508
1.129930571,0.6502869702,0.8507787388,0.8694349751
1.134966049,0.6498804158,0.8501635122,0.8728215508
1.139848936,0.6494738614,0.8501635122,0.8761838978
1.144884413,0.6498804158,0.84954725,0.8761838978
1.14991989,0.6502869702,0.8501635122,0.8728215508
1.154955367,0.6502869702,0.8501635122,0.8728215508
1.159990845,0.6498804158,0.8507787388,0.8761838978
1.164873732,0.6494738614,0.8489299479,0.8728215508
1.169909209,0.6502869702,0.8483116017,0.8694349751
1.174944686,0.6502869702,0.8470717595,0.8761838978
1.179980163,0.6502869702,0.847692207,0.8728215508
1.18486305,0.6502869702,0.84954725,0.8694349751
1.189898528,0.6502869702,0.8507787388,0.8761838978
1.194934005,0.6494738614,0.8507787388,0.8728215508
1.199969482,0.6482541981,0.8526182466,0.8728215508
1.204852369,0.6482541981,0.8538394836,0.8728215508
1.209887846,0.6474410893,0.854448584,0.8828376345
1.214923323,0.6470345349,0.8538394836,0.8795224514
1.219958801,0.6478476437,0.8550566777,0.8761838978
1.224994278,0.6474410893,0.8556637688,0.8795224514
1.229877165,0.6470345349,0.854448584,0.8761838978
1.234912642,0.6470345349,0.8550566777,0.8728215508
1.239948119,0.6474410893,0.8556637688,0.8795224514
1.244983597,0.6466279805,0.854448584,0.8828376345
1.249866484,0.6470345349,0.854448584,0.8761838978
1.254901961,0.6474410893,0.8556637688,0.8728215508
1.259937438,0.6466279805,0.854448584,0.8828376345
1.264972915,0.6466279805,0.854448584,0.8761838978
1.269855802,0.6470345349,0.8550566777,0.8728215508
1.27489128,0.6466279805,0.8562698613,0.8795224514
1.279926757,0.6466279805,0.8538394836,0.8795224514
1.284962234,0.6470345349,0.854448584,0.8761838978
1.289997711,0.6466279805,0.8556637688,0.8795224514
1.294880598,0.646221426,0.8550566777,0.8795224514
1.299916075,0.6470345349,0.8550566777,0.8761838978
1.304951553,0.646221426,0.854448584,0.8828376345
1.30998703,0.6466279805,0.8550566777,0.8728215508
1.314869917,0.646221426,0.8556637688,0.8795224514
1.319905394,0.646221426,0.854448584,0.8761838978
1.324940871,0.646221426,0.8556637688,0.8795224514
1.329976349,0.646221426,0.854448584,0.8761838978
1.334859236,0.646221426,0.8562698613,0.8795224514
1.339894713,0.6454083172,0.8556637688,0.8795224514
1.34493019,0.646221426,0.8562698613,0.8761838978
1.349965667,0.6454083172,0.8568749591,0.8861298578
1.354848554,0.6454083172,0.8562698613,0.8795224514
1.359884031,0.6450017628,0.8574790663,0.8828376345
1.364919509,0.6450017628,0.8574790663,0.8761838978
1.369954986,0.6450017628,0.8574790663,0.8795224514
1.374990463,0.6445952084,0.8574790663,0.8828376345
1.37987335,0.6450017628,0.8568749591,0.8761838978
1.384908827,0.6445952084,0.8580821867,0.8861298578
1.389944305,0.6445952084,0.8568749591,0.8828376345
1.394979782,0.6450017628,0.8574790663,0.8795224514
1.399862669,0.6441886539,0.8580821867,0.8861298578
1.404898146,0.6445952084,0.8580821867,0.8795224514
1.409933623,0.6474410893,0.854448584,0.8828376345
1.414969101,0.649067307,0.8483116017,0.8828376345
1.419851988,0.6511000791,0.8426987787,0.8761838978
1.424887465,0.6450017628,0.8598856664,0.8795224514
1.429922942,0.6466279805,0.8574790663,0.8861298578
1.434958419,0.6478476437,0.8532293725,0.8761838978
1.439993896,0.6458148716,0.8598856664,0.8828376345
1.444876783,0.6450017628,0.8586843242,0.8861298578
1.449912261,0.6450017628,0.8586843242,0.8861298578
1.454947738,0.6454083172,0.8586843242,0.8795224514
1.459983215,0.6454083172,0.8598856664,0.8861298578
1.464866102,0.6441886539,0.8586843242,0.8861298578
1.469901579,0.7344691447,0.6857740568,0.8377868397
1.474937057,0.7515444304,0.6722842264,0.8192007008
1.479972534,0.7617082908,0.6614627005,0.815388199
1.484855421,0.8003309607,0.6186308587,0.807662254
1.489890898,0.8491429007,0.5783032481,0.7997965624
1.494926375,0.8796344822,0.5643566857,0.8037472777
1.499961852,0.9015884208,0.5478581635,0.8192007008
1.50499733,0.9251685771,0.5337761512,0.8192007008
1.509880217,0.9365521009,0.5319541394,0.8267283964
1.514915694,0.9443020445,0.5282660015,0.834130906
1.519951171,0.9638166567,0.5168267344,0.834130906
1.524986648,0.9760132892,0.51287981,0.8377868397
1.529869535,0.9837378232,0.5088610605,0.8450111274
1.534905013,0.9898361395,0.5047672239,0.8414133827
1.53994049,0.995121347,0.5047672239,0.8450111274
1.544975967,0.9955279014,0.5026910629,0.8485806474
1.549858854,0.9959344558,0.5047672239,0.8485806474
1.554894331,0.9959344558,0.5047672239,0.8556372172
1.559929809,0.9955279014,0.500594796,0.8556372172
1.564965286,0.9959344558,0.5047672239,0.8556372172
1.569848173,0.9955279014,0.5047672239,0.8556372172
1.57488365,0.9959344558,0.5047672239,0.852122498
1.579919127,0.9959344558,0.5088610605,0.8591253266
1.584954604,0.9959344558,0.5026910629,0.8556372172
1.589990082,0.9959344558,0.5068237411,0.8556372172
1.594872969,0.9959344558,0.5047672239,0.8556372172
1.599908446,0.9967475646,0.5068237411,0.8556372172
1.604943923,0.9955279014,0.5047672239,0.8591253266
1.6099794,0.9963410102,0.5047672239,0.8556372172
1.614862287,0.9959344558,0.5068237411,0.8591253266
1.619897765,0.9959344558,0.5026910629,0.8556372172
1.624933242,0.9963410102,0.5088610605,0.8556372172
1.629968719,0.9959344558,0.5026910629,0.8556372172
1.634851606,0.9963410102,0.5047672239,0.852122498
1.639887083,0.9955279014,0.5068237411,0.8625873316
1.644922561,0.9959344558,0.5047672239,0.852122498
1.649958038,0.9959344558,0.5088610605,0.8556372172
1.654993515,0.9959344558,0.5026910629,0.852122498
1.659876402,0.9963410102,0.5088610605,0.8485806474
1.664911879,0.9959344558,0.5068237411,0.8591253266
1.669947356,0.9959344558,0.5026910629,0.8556372172
1.674982834,0.9963410102,0.5068237411,0.8556372172
1.679865721,0.9955279014,0.5088610605,0.8591253266
1.684901198,0.9959344558,0.5047672239,0.852122498
1.689936675,0.9784526158,0.5168267344,0.8556372172
1.694972152,0.9630035478,0.5207048763,0.8591253266
1.699855039,0.9512134696,0.5301175188,0.8591253266
1.704890517,0.9402365003,0.5391572852,0.8625873316
1.709925994,0.930860339,0.5426765667,0.8660237226
1.714961471,0.9251685771,0.5461436318,0.8591253266
1.719996948,0.9178505976,0.5512503296,0.8625873316
1.724879835,0.9141916078,0.5512503296,0.8660237226
1.729915312,0.910532618,0.5545947017,0.8591253266
1.73495079,0.9072801827,0.5578928844,0.8625873316
1.739986267,0.9024015297,0.5578928844,0.8694349751
1.744869154,0.900775312,0.5578928844,0.8625873316
1.749904631,0.8991490943,0.562756858,0.8660237226
1.754940108,0.8958966589,0.5659460504,0.8694349751
1.759975586,0.893050778,0.562756858,0.8625873316
1.764858473,0.8918311147,0.5675251168,0.8591253266
1.76989395,0.8885786794,0.5675251168,0.8625873316
1.774929427,0.8873590161,0.5690940456,0.8556372172
1.779964904,0.8849196896,0.5706529937,0.8625873316
1.784847791,0.8828869175,0.5690940456,0.8625873316
1.789883269,0.8820738087,0.5722021139,0.8625873316
1.794918746,0.8796344822,0.5722021139,0.8660237226
1.799954223,0.8792279277,0.5722021139,0.8591253266
1.8049897,0.8780082645,0.5752714641,0.8625873316
1.809872587,0.8771951557,0.5737415555,0.8625873316
1.814908064,0.8763820468,0.5752714641,0.8625873316
1.819943542,0.8743492747,0.5752714641,0.8660237226
1.824979019,0.8747558291,0.5752714641,0.8591253266
1.829861906,0.8735361659,0.5783032481,0.8625873316
1.834897383,0.872723057,0.5737415555,0.8591253266
1.83993286,0.872723057,0.5783032481,0.8591253266
1.844968338,0.8719099482,0.5783032481,0.8660237226
1.849851225,0.8719099482,0.5752714641,0.8591253266
1.854886702,0.8710968394,0.579805398,0.8625873316
1.859922179,0.8702837305,0.5752714641,0.8660237226
1.864957656,0.870690285,0.5783032481,0.8591253266
1.869993133,0.8698771761,0.5783032481,0.8625873316
1.87487602,0.8698771761,0.5783032481,0.8556372172
1.879911498,0.8690640673,0.5812985643,0.8625873316
1.884946975,0.8690640673,0.5783032481,0.8625873316
1.889982452,0.8694706217,0.5812985643,0.8556372172
1.894865339,0.8686575129,0.579805398,0.8694349751
1.899900816,0.8690640673,0.5783032481,0.8591253266
1.904936294,0.8682509584,0.5812985643,0.8660237226
1.909971771,0.8686575129,0.5783032481,0.8591253266
1.914854658,0.8686575129,0.579805398,0.8660237226
1.919890135,0.8682509584,0.5783032481,0.8660237226
1.924925612,0.8682509584,0.5812985643,0.8660237226
1.92996109,0.8682509584,0.579805398,0.8625873316
1.934996567,0.8682509584,0.5812985643,0.8625873316
1.939879454,0.8682509584,0.576791982,0.8625873316
1.944914931,0.8682509584,0.5812985643,0.8694349751
1.949950408,0.8682509584,0.5783032481,0.8625873316
1.954985885,0.8682509584,0.5783032481,0.8625873316
1.959868772,0.8682509584,0.5783032481,0.8625873316
1.96490425,0.867844404,0.5812985643,0.8660237226
1.969939727,0.8686575129,0.5783032481,0.8625873316
1.974975204,0.867844404,0.579805398,0.8660237226
1.979858091,0.8686575129,0.579805398,0.8625873316
1.984893568,0.867844404,0.579805398,0.8694349751
1.989929046,0.8686575129,0.579805398,0.8660237226
1.994964523,0.867844404,0.5783032481,0.8694349751
2,0.8682509584,0.5812985643,0.8694349751
2.004882887,0.867844404,0.579805398,0.8694349751
2.009918364,0.8686575129,0.5812985643,0.8660237226
2.014953842,0.8682509584,0.5783032481,0.8625873316
2.019989319,0.8682509584,0.5812985643,0.8694349751
2.024872206,0.867844404,0.5783032481,0.8694349751
2.029907683,0.8682509584,0.5812985643,0.8660237226
2.03494316,0.867844404,0.579805398,0.8694349751
2.039978637,0.8682509584,0.5827828763,0.8694349751
2.044861524,0.8682509584,0.5783032481,0.8660237226
2.049897002,0.867844404,0.579805398,0.8694349751
2.054932479,0.8682509584,0.5783032481,0.8660237226
2.059967956,0.867844404,0.579805398,0.8694349751
2.064850843,0.8682509584,0.5783032481,0.8660237226
2.06988632,0.867844404,0.5812985643,0.8694349751
2.074921798,0.8682509584,0.5783032481,0.8660237226
2.079957275,0.867844404,0.5812985643,0.8694349751
2.084992752,0.8682509584,0.5783032481,0.8660237226
2.089875639,0.8674378496,0.5812985643,0.8694349751
2.094911116,0.8682509584,0.579805398,0.8660237226
2.099946593,0.867844404,0.5812985643,0.8728215508
2.104982071,0.8682509584,0.579805398,0.8694349751
2.109864958,0.867844404,0.579805398,0.8728215508
2.114900435,0.8682509584,0.5783032481,0.8660237226
2.119935912,0.867844404,0.5812985643,0.8728215508
2.124971389,0.8686575129,0.5812985643,0.8660237226
2.129854276,0.867844404,0.5783032481,0.8728215508
2.134889754,0.8686575129,0.579805398,0.8660237226
2.139925231,0.867844404,0.5812985643,0.8694349751
2.144960708,0.8686575129,0.5812985643,0.8660237226
2.149996185,0.867844404,0.579805398,0.8694349751
2.154879072,0.8682509584,0.5812985643,0.8625873316
2.15991455,0.867844404,0.5783032481,0.8694349751
2.164950027,0.8686575129,0.5812985643,0.8625873316
2.169985504,0.867844404,0.579805398,0.8694349751
2.174868391,0.8686575129,0.5812985643,0.8660237226
2.179903868,0.867844404,0.5783032481,0.8694349751
2.184939345,0.8686575129,0.5812985643,0.8660237226
2.189974823,0.867844404,0.5783032481,0.8694349751
2.19485771,0.8682509584,0.5812985643,0.8728215508
2.199893187,0.8682509584,0.5783032481,0.8660237226
2.204928664,0.867844404,0.579805398,0.8728215508
2.209964141,0.8686575129,0.579805398,0.8660237226
2.214999619,0.867844404,0.5783032481,0.8694349751
2.219882506,0.8682509584,0.579805398,0.8694349751
2.224917983,0.8682509584,0.5783032481,0.8660237226
2.22995346,0.867844404,0.5783032481,0.8728215508
2.234988937,0.8686575129,0.579805398,0.8694349751
2.239871824,0.867844404,0.5783032481,0.8694349751
2.244907301,0.8682509584,0.5812985643,0.8728215508
2.249942779,0.8686575129,0.5783032481,0.8694349751
2.254978256,0.867844404,0.5783032481,0.8694349751
2.259861143,0.8682509584,0.5812985643,0.8694349751
2.26489662,0.8682509584,0.5783032481,0.8694349751
2.269932097,0.867844404,0.5812985643,0.8728215508
2.274967575,0.8686575129,0.5783032481,0.8660237226
2.279850462,0.867844404,0.5783032481,0.8660237226
2.284885939,0.8682509584,0.579805398,0.8660237226
2.289921416,0.8682509584,0.5783032481,0.8660237226
2.294956893,0.867844404,0.5827828763,0.8728215508
2.299992371,0.8682509584,0.579805398,0.8694349751
2.304875258,0.867844404,0.5812985643,0.8728215508
2.309910735,0.8686575129,0.5812985643,0.8660237226
2.314946212,0.867844404,0.5783032481,0.8694349751
2.319981689,0.8686575129,0.5812985643,0.8660237226
2.324864576,0.8682509584,0.5783032481,0.8728215508
2.329900053,0.8682509584,0.5812985643,0.8761838978
2.334935531,0.8682509584,0.5783032481,0.8694349751
2.339971008,0.867844404,0.5812985643,0.8761838978
2.344853895,0.8686575129,0.579805398,0.8694349751
2.349889372,0.867844404,0.576791982,0.8694349751
2.354924849,0.8686575129,0.5812985643,0.8660237226
2.359960327,0.867844404,0.5783032481,0.8728215508
2.364995804,0.8682509584,0.579805398,0.8728215508
2.369878691,0.8682509584,0.5783032481,0.8694349751
2.374914168,0.867844404,0.579805398,0.8728215508
2.379949645,0.8682509584,0.579805398,0.8660237226
2.384985123,0.867844404,0.579805398,0.8761838978
2.38986801,0.8682509584,0.579805398,0.8694349751
2.394903487,0.867844404,0.579805398,0.8761838978
2.399938964,0.8682509584,0.5783032481,0.8694349751
2.404974441,0.8682509584,0.5783032481,0.8728215508
2.409857328,0.8682509584,0.5812985643,0.8728215508
2.414892805,0.8682509584,0.5783032481,0.8694349751
2.419928283,0.867844404,0.579805398,0.8728215508
2.42496376,0.8686575129,0.579805398,0.8660237226
2.429999237,0.867844404,0.579805398,0.8728215508
2.434882124,0.8682509584,0.5812985643,0.8761838978
2.439917601,0.8682509584,0.579805398,0.8728215508
2.444953079,0.867844404,0.5812985643,0.8728215508
2.449988556,0.8686575129,0.5783032481,0.8694349751
2.454871443,0.867844404,0.579805398,0.8694349751
2.45990692,0.8682509584,0.5812985643,0.8728215508
2.464942397,0.8682509584,0.579805398,0.8660237226
2.469977874,0.867844404,0.579805398,0.8761838978
2.474860761,0.8682509584,0.5783032481,0.8694349751
2.479896239,0.867844404,0.579805398,0.8728215508
2.484931716,0.8682509584,0.5812985643,0.8694349751
2.489967193,0.867844404,0.576791982,0.8694349751
2.49485008,0.8682509584,0.5812985643,0.8694349751
2.499885557,0.8682509584,0.5783032481,0.8694349751
2.504921035,0.867844404,0.5783032481,0.8728215508
2.509956512,0.8686575129,0.579805398,0.8694349751
2.514991989,0.867844404,0.5783032481,0.8761838978
2.519874876,0.8682509584,0.5827828763,0.8694349751
2.524910353,0.8682509584,0.5783032481,0.8660237226
2.529945831,0.867844404,0.5827828763,0.8694349751
2.534981308,0.8682509584,0.5812985643,0.8660237226
2.539864195,0.867844404,0.579805398,0.8761838978
2.544899672,0.8686575129,0.5812985643,0.8728215508
2.549935149,0.8682509584,0.579805398,0.8660237226
2.554970626,0.867844404,0.5827828763,0.8728215508
2.559853513,0.8682509584,0.579805398,0.8694349751
2.564888991,0.867844404,0.5783032481,0.8728215508
2.569924468,0.8686575129,0.5783032481,0.8660237226
2.574959945,0.867844404,0.5783032481,0.8728215508
2.579995422,0.8682509584,0.5812985643,0.8728215508
2.584878309,0.8682509584,0.5783032481,0.8694349751
2.589913787,0.867844404,0.579805398,0.8761838978
2.594949264,0.8686575129,0.5812985643,0.8694349751
2.599984741,0.867844404,0.576791982,0.8728215508
2.604867628,0.8682509584,0.5812985643,0.8728215508
2.609903105,0.8682509584,0.5783032481,0.8694349751
2.614938582,0.867844404,0.5812985643,0.8728215508
2.61997406,0.8686575129,0.579805398,0.8660237226
2.624856947,0.867844404,0.5812985643,0.8728215508
2.629892424,0.8686575129,0.5812985643,0.8694349751
2.634927901,0.8723165026,0.576791982,0.8728215508
2.639963378,0.8934573324,0.5643566857,0.8625873316
2.644998856,0.9219161418,0.5409235724,0.8591253266
2.649881743,0.9560921227,0.5207048763,0.8556372172
2.65491722,0.9780460613,0.5088610605,0.852122498
2.659952697,0.9869902586,0.5088610605,0.8556372172
2.664988174,0.995121347,0.500594796,0.852122498
2.6704,0.9975606735,0.5026910629,0.8625873316
2.674906539,0.9983737823,0.5026910629,0.8556372172
2.679942016,0.9983737823,0.5047672239,0.8625873316
2.684977493,1,0.5026910629,0.852122498
2.68986038,0.9991868912,0.5047672239,0.8625873316
2.694895857,0.9995934456,0.5026910629,0.8556372172
2.699931334,0.9987803367,0.5047672239,0.8625873316
2.704966812,0.9991868912,0.5047672239,0.8556372172
2.709849699,0.9979672279,0.5047672239,0.8660237226
2.714885176,0.9979672279,0.5088610605,0.8625873316
2.719920653,0.9975606735,0.5047672239,0.8591253266
2.72495613,0.9971541191,0.5026910629,0.8625873316
2.729991608,0.9979672279,0.5047672239,0.8625873316
2.734874495,0.9975606735,0.5047672239,0.8660237226
2.739909972,0.9975606735,0.5088610605,0.8660237226
2.744945449,0.9979672279,0.5047672239,0.8556372172
2.749980926,0.9971541191,0.5068237411,0.8625873316
2.754863813,0.9979672279,0.5088610605,0.8591253266
2.759899291,0.9971541191,0.5047672239,0.8660237226
2.764934768,0.9979672279,0.5068237411,0.8625873316
2.769970245,0.9975606735,0.5047672239,0.8625873316
2.774853132,0.9975606735,0.5068237411,0.8625873316
2.779888609,0.9979672279,0.5047672239,0.8591253266
2.784924086,0.9971541191,0.5068237411,0.8694349751
2.789959564,0.9983737823,0.5068237411,0.8591253266
2.794995041,0.9971541191,0.5026910629,0.8625873316
2.799877928,0.9975606735,0.5088610605,0.8625873316
2.804913405,0.9975606735,0.5026910629,0.8591253266
2.809948882,0.9971541191,0.5068237411,0.8660237226
2.81498436,0.9979672279,0.5068237411,0.8591253266
2.819867247,0.9975606735,0.5026910629,0.8625873316
2.824902724,0.9979672279,0.5088610605,0.8625873316
2.829938201,0.9979672279,0.5047672239,0.8556372172
2.834973678,0.9975606735,0.5047672239,0.8625873316
2.839856565,0.9979672279,0.5088610605,0.8625873316
2.844892042,0.9971541191,0.5047672239,0.8660237226
2.84992752,0.9975606735,0.5088610605,0.8625873316
2.854962997,0.9975606735,0.5047672239,0.8625873316
2.859998474,0.9971541191,0.5068237411,0.8660237226
2.864881361,0.9979672279,0.5068237411,0.8625873316
2.869916838,0.9975606735,0.5026910629,0.8625873316
2.874952316,0.9975606735,0.5068237411,0.8694349751
2.879987793,0.9979672279,0.5088610605,0.8625873316
2.88487068,0.9971541191,0.5047672239,0.8660237226
2.889906157,0.9971541191,0.5088610605,0.8660237226
2.894941634,0.9979672279,0.5068237411,0.8625873316
2.899977112,0.9975606735,0.5047672239,0.8625873316
2.904859999,0.9971541191,0.5068237411,0.8694349751
2.909895476,0.9979672279,0.5068237411,0.8625873316
2.914930953,0.9975606735,0.5047672239,0.8591253266
2.91996643,0.9971541191,0.5068237411,0.8660237226
2.924849317,0.9979672279,0.5068237411,0.8625873316
2.929884794,0.9975606735,0.5047672239,0.8625873316
2.934920272,0.9971541191,0.5047672239,0.8694349751
2.939955749,0.9975606735,0.5088610605,0.8660237226
2.944991226,0.9975606735,0.5088610605,0.8625873316
2.949874113,0.9975606735,0.5047672239,0.8660237226
2.95490959,0.9971541191,0.5068237411,0.8660237226
2.959945068,0.9975606735,0.5068237411,0.8660237226
2.964980545,0.9979672279,0.5047672239,0.8625873316
2.969863432,0.9975606735,0.5047672239,0.8625873316
2.974898909,0.9971541191,0.5047672239,0.8660237226
2.979934386,0.9975606735,0.5068237411,0.8694349751
2.984969863,0.9979672279,0.5047672239,0.8625873316
2.98985275,0.9971541191,0.5068237411,0.8625873316
2.994888228,0.9963410102,0.5047672239,0.8660237226
2.999923705,0.9955279014,0.5108796119,0.8694349751
3.004959182,0.9955279014,0.5088610605,0.8625873316
3.009994659,0.9947147926,0.5068237411,0.8625873316
3.014877546,0.9939016837,0.5047672239,0.8694349751
3.019913024,0.9934951293,0.5088610605,0.8694349751
3.024948501,0.9939016837,0.51287981,0.8660237226
3.029983978,0.9934951293,0.5068237411,0.8625873316
3.034866865,0.9930885749,0.5068237411,0.8625873316
3.039902342,0.992275466,0.5088610605,0.8694349751
3.04493782,0.992275466,0.5108796119,0.8694349751
3.049973297,0.992275466,0.5068237411,0.8625873316
3.054856184,0.9914623572,0.5068237411,0.8625873316
3.059891661,0.9914623572,0.5108796119,0.8660237226
3.064927138,0.9914623572,0.5088610605,0.8625873316
3.069962615,0.9906492484,0.5088610605,0.8660237226
3.074998093,0.9902426939,0.51287981,0.8694349751
3.07988098,0.9906492484,0.5108796119,0.8625873316
3.084916457,0.9902426939,0.5108796119,0.8591253266
3.089951934,0.9890230307,0.5068237411,0.8625873316
3.094987411,0.9890230307,0.5108796119,0.8625873316
3.099870298,0.9894295851,0.51287981,0.8591253266
3.104905776,0.9878033674,0.5088610605,0.8625873316
3.109941253,0.9878033674,0.5108796119,0.8660237226
3.11497673,0.9878033674,0.5148620553,0.8625873316
3.119859617,0.9882099218,0.5108796119,0.8591253266
3.124895094,0.9869902586,0.5088610605,0.8591253266
3.129930571,0.9857705953,0.5108796119,0.8625873316
3.134966049,0.9857705953,0.5148620553,0.8625873316
3.139848936,0.9849574865,0.51287981,0.8625873316
3.144884413,0.9833312688,0.5088610605,0.8556372172
3.14991989,0.9821116055,0.5108796119,0.8625873316
3.154955367,0.9817050511,0.5148620553,0.8625873316
3.159990845,0.9804853878,0.5168267344,0.8591253266
3.164873732,0.979672279,0.5168267344,0.8591253266
3.169909209,0.9792657246,0.5168267344,0.8591253266
3.174944686,0.9784526158,0.5148620553,0.8591253266
3.179980163,0.9776395069,0.5148620553,0.8591253266
3.18486305,0.9764198437,0.5148620553,0.8625873316
3.189898528,0.9756067348,0.5148620553,0.8660237226
3.194934005,0.9752001804,0.5168267344,0.8660237226
3.199969482,0.974793626,0.5168267344,0.8625873316
3.204852369,0.9752001804,0.5168267344,0.8625873316
3.209887846,0.9739805171,0.51287981,0.8660237226
3.214923323,0.9731674083,0.5148620553,0.8660237226
3.219958801,0.9719477451,0.5168267344,0.8694349751
3.224994278,0.9723542995,0.5168267344,0.8625873316
3.229877165,0.9723542995,0.5168267344,0.8591253266
3.234912642,0.9711346362,0.5168267344,0.8625873316
3.239948119,0.9703215274,0.5168267344,0.8625873316
3.244983597,0.969914973,0.518774221,0.8694349751
3.249866484,0.969914973,0.5207048763,0.8660237226
3.254901961,0.9707280818,0.5168267344,0.8591253266
3.259937438,0.9695084185,0.5168267344,0.8591253266
3.264972915,0.9691018641,0.518774221,0.8660237226
3.269855802,0.9686953097,0.518774221,0.8660237226
3.27489128,0.9691018641,0.5207048763,0.8625873316
3.279926757,0.9691018641,0.5207048763,0.8625873316
3.284962234,0.9691018641,0.5168267344,0.8591253266
3.289997711,0.9678822009,0.518774221,0.8660237226
3.294880598,0.9678822009,0.5207048763,0.8660237226
3.299916075,0.9682887553,0.5168267344,0.8625873316
3.304951553,0.9682887553,0.518774221,0.8625873316
3.30998703,0.9678822009,0.518774221,0.8660237226
3.314869917,0.9674756464,0.518774221,0.8694349751
3.319905394,0.9678822009,0.5226190495,0.8694349751
3.324940871,0.9682887553,0.518774221,0.8625873316
3.329976349,0.9682887553,0.5168267344,0.8660237226
3.334859236,0.9674756464,0.5207048763,0.8694349751
3.339894713,0.9678822009,0.5207048763,0.8660237226
3.34493019,0.9682887553,0.5168267344,0.8625873316
3.349965667,0.9674756464,0.5168267344,0.8660237226
3.354848554,0.9678822009,0.5207048763,0.8694349751
3.359884031,0.9682887553,0.5207048763,0.8591253266
3.364919509,0.9678822009,0.518774221,0.8660237226
3.369954986,0.9674756464,0.518774221,0.8694349751
3.374990463,0.9678822009,0.518774221,0.8694349751
3.37987335,0.9682887553,0.5168267344,0.8625873316
3.384908827,0.9674756464,0.518774221,0.8694349751
3.389944305,0.9674756464,0.5207048763,0.8694349751
3.394979782,0.9682887553,0.5207048763,0.8660237226
3.399862669,0.9678822009,0.5168267344,0.8625873316
3.404898146,0.967069092,0.5168267344,0.8660237226
3.409933623,0.9678822009,0.5207048763,0.8660237226
3.414969101,0.9682887553,0.518774221,0.8625873316
3.419851988,0.9682887553,0.518774221,0.8591253266
3.424887465,0.9674756464,0.518774221,0.8694349751
3.429922942,0.9674756464,0.5207048763,0.8660237226
3.434958419,0.9682887553,0.518774221,0.8660237226
3.439993896,0.9674756464,0.5207048763,0.8660237226
3.444876783,0.9650363199,0.518774221,0.8694349751
3.449912261,0.9625969934,0.5245170785,0.8694349751
3.454947738,0.959344558,0.5245170785,0.8728215508
3.459983215,0.9552790138,0.5263992903,0.8660237226
3.464866102,0.9516200241,0.5282660015,0.8660237226
3.469901579,0.9463348166,0.5282660015,0.8728215508
3.474937057,0.9426758268,0.5337761512,0.8728215508
3.479972534,0.9406430547,0.5373774572,0.8694349751
3.484855421,0.9382037282,0.5391572852,0.8694349751
3.489890898,0.9357389921,0.5391572852,0.8694349751
3.494926375,0.9332996656,0.5373774572,0.8660237226
3.499961852,0.9300472302,0.5391572852,0.8694349751
3.50499733,0.9284210125,0.5426765667,0.8694349751
3.509880217,0.925981686,0.5426765667,0.8694349751
3.514915694,0.9247620227,0.5461436318,0.8728215508
3.519951171,0.9215095874,0.5461436318,0.8660237226
3.524986648,0.9174440432,0.5512503296,0.8694349751
3.529869535,0.9154112711,0.5495603245,0.8660237226
3.534905013,0.910532618,0.5512503296,0.8660237226
3.53994049,0.905653965,0.5562494698,0.8728215508
3.544975967,0.9003687576,0.5611463982,0.8728215508
3.549858854,0.8950835501,0.5659460504,0.8728215508
3.554894331,0.8906114515,0.5690940456,0.8728215508
3.559929809,0.8861393529,0.5722021139,0.8694349751
3.564965286,0.885326244,0.5706529937,0.8694349751
3.569848173,0.8828869175,0.5706529937,0.8625873316
3.57488365,0.8816672543,0.5675251168,0.8660237226
3.579919127,0.880447591,0.5690940456,0.8660237226
3.584954604,0.8800410366,0.5722021139,0.8694349751
3.589990082,0.8800410366,0.5722021139,0.8694349751
3.594872969,0.8800410366,0.5722021139,0.8625873316
3.599908446,0.8796344822,0.5722021139,0.8625873316
3.604943923,0.8784148189,0.5722021139,0.8625873316
3.6099794,0.8780082645,0.5722021139,0.8660237226
3.614862287,0.8776017101,0.5752714641,0.8694349751
3.619897765,0.8767886012,0.5752714641,0.8660237226
3.624933242,0.8759754924,0.5752714641,0.8660237226
3.629968719,0.8747558291,0.5752714641,0.8625873316
3.634851606,0.8743492747,0.5737415555,0.8625873316
3.639887083,0.8739427203,0.5752714641,0.8625873316
3.644922561,0.8731296115,0.5752714641,0.8591253266
3.649958038,0.8715033938,0.5783032481,0.8625873316
3.654993515,0.8698771761,0.5783032481,0.8625873316
3.659876402,0.8666247407,0.5812985643,0.8660237226
3.664911879,0.8621526421,0.5842584608,0.8625873316
3.669947356,0.8580870979,0.5871839388,0.8660237226
3.674982834,0.8548346626,0.5900759552,0.8660237226
3.679865721,0.8523953361,0.5915097029,0.8660237226
3.684901198,0.8511756728,0.5929354253,0.8660237226
3.689936675,0.8479232374,0.5971655126,0.8660237226
3.694972152,0.8450773565,0.5985601945,0.8660237226
3.699855039,0.84263803,0.5999473702,0.8660237226
3.704890517,0.8410118123,0.5999473702,0.8625873316
3.709925994,0.8397921491,0.6026995913,0.8625873316
3.714961471,0.8389790402,0.6040648256,0.8625873316
3.719996948,0.8361331593,0.6067739998,0.8660237226
3.724879835,0.8308225422,0.6094553712,0.8660237226
3.729915312,0.826756998,0.6121096234,0.8660237226
3.73495079,0.823911117,0.6160415837,0.8660237226
3.739986267,0.8210652361,0.6186308587,0.8694349751
3.744869154,0.8178128007,0.6211952082,0.8728215508
3.749904631,0.8145603654,0.6237352075,0.8694349751
3.754940108,0.8121210389,0.6275007574,0.8728215508
3.759975586,0.8092751579,0.6262514112,0.8728215508
3.764858473,0.8068358314,0.6312145513,0.8694349751
3.76989395,0.8027702872,0.6324412769,0.8694349751
3.774929427,0.7982981886,0.6384935674,0.8728215508
3.779964904,0.7930129811,0.6420619273,0.8694349751
3.784847791,0.7893539914,0.6455848181,0.8660237226
3.789883269,0.7844753384,0.6502136569,0.8728215508
3.794918746,0.7820360118,0.6536357186,0.8728215508
3.799954223,0.7775639132,0.6558941819,0.8728215508
3.8049897,0.7743114778,0.660357701,0.8728215508
3.809872587,0.7730918146,0.6614627005,0.8761838978
3.814908064,0.7698393792,0.6669244337,0.8761838978
3.819943542,0.7649607262,0.6722842264,0.8728215508
3.824979019,0.7604886276,0.6775465833,0.8728215508
3.829861906,0.7556099746,0.6877954957,0.8728215508
3.834897383,0.7462592229,0.6967255707,0.8761838978
3.83993286,0.7389412433,0.7072912986,0.8795224514
3.844968338,0.7340625903,0.7147512715,0.8795224514
3.849851225,0.7299970461,0.7202298335,0.8828376345
3.854886702,0.7254995379,0.7265015676,0.8795224514
3.859922179,0.7206208848,0.7326500291,0.8761838978
3.864957656,0.7173684495,0.7378798559,0.8795224514
3.869993133,0.7133029053,0.7454885151,0.8795224514
3.87487602,0.7076111434,0.7496387852,0.8795224514
3.879911498,0.7035455992,0.7537363714,0.8828376345
3.884946975,0.7011062727,0.7601868831,0.8795224514
3.889982452,0.6974472829,0.7672949852,0.8828376345
3.894865339,0.6937882931,0.7750176181,0.8795224514
3.899900816,0.689722749,0.7818183646,0.8828376345
3.904936294,0.6852506503,0.7877502163,0.8828376345
3.909971771,0.6815916605,0.7957408985,0.8861298578
3.914854658,0.6799654429,0.8028468584,0.8861298578
3.919890135,0.674273681,0.8111856891,0.8861298578
3.924925612,0.6706146912,0.8213370532,0.8861298578
3.92996109,0.6661425926,0.8286002644,0.8861298578
3.934996567,0.6628901573,0.8363587342,0.8861298578
3.939879454,0.6600442763,0.841439627,0.8893995207
3.944914931,0.6580115042,0.84954725,0.8893995207
3.949950408,0.6555721777,0.854448584,0.8893995207
3.954985885,0.6527262967,0.8592854829,0.8893995207
3.959868772,0.6511000791,0.8622767258,0.8861298578
3.96490425,0.6502869702,0.8640599675,0.8861298578
3.969939727,0.6498804158,0.8640599675,0.8861298578
3.974975204,0.6498804158,0.8646524864,0.8828376345
3.979858091,0.6498804158,0.8634665036,0.8828376345
3.984893568,0.6498804158,0.8616804046,0.8795224514
3.989929046,0.6498804158,0.8592854829,0.8728215508
3.994964523,0.6502869702,0.8586843242,0.8761838978
4,0.6506935247,0.8562698613,0.8761838978
4.004882887,0.6515066335,0.8556637688,0.8761838978
4.009918364,0.6523197423,0.8532293725,0.8761838978
4.014953842,0.6523197423,0.8526182466,0.8761838978
4.019989319,0.6523197423,0.8513929339,0.8728215508
4.024872206,0.65394596,0.84954725,0.8728215508
4.029907683,0.656791841,0.8458276886,0.8761838978
4.03494316,0.6584180587,0.841439627,0.8728215508
4.039978637,0.6584180587,0.8395426548,0.8660237226
4.044861524,0.6592311675,0.8363587342,0.8694349751
4.049897002,0.6600442763,0.8344347897,0.8694349751
4.054932479,0.6608573852,0.8279460675,0.8660237226
4.059967956,0.6632967117,0.8233327117,0.8591253266
4.08,0.6653294838,0.8159595033,0.8591253266
4.06988632,0.6754933442,0.7906776433,0.852122498
4.074921798,0.6901293034,0.7657286189,0.8485806474
4.079957275,0.6954145108,0.7561703021,0.8414133827
4.084992752,0.6982603918,0.7512840506,0.8377868397
4.089875639,0.7002931638,0.7488129984,0.834130906
4.094911116,0.7031390448,0.7454885151,0.8414133827
4.099946593,0.7080176978,0.7387342812,0.8414133827
4.104982071,0.7181815583,0.7273873282,0.8377868397
4.109864958,0.7218405481,0.7202298335,0.8414133827
4.114900435,0.7271257555,0.7147512715,0.8414133827
4.119935912,0.730810155,0.7101101406,0.8450111274
4.124971389,0.7360953624,0.7034917761,0.8414133827
4.129854276,0.740567461,0.6957464268,0.8450111274
4.134889754,0.7470723318,0.6888010623,0.8450111274
4.139925231,0.7547968657,0.6796251938,0.8450111274
4.144960708,0.7596755188,0.6733443541,0.8450111274
4.149996185,0.7669934983,0.6636599287,0.8450111274
4.154879072,0.7779704676,0.6490636227,0.8414133827
4.15991455,0.7897605458,0.6420619273,0.8414133827
4.164950027,0.7991112974,0.6324412769,0.8414133827
4.169985504,0.806429277,0.6262514112,0.8414133827
4.174868391,0.814153811,0.6199161127,0.8377868397
4.179903868,0.8226914538,0.6107858455,0.8377868397
4.184939345,0.8312290966,0.6026995913,0.834130906
4.189974823,0.8389790402,0.5971655126,0.8414133827
4.19485771,0.8462970198,0.5929354253,0.8450111274
4.199893187,0.8511756728,0.5900759552,0.8450111274
4.204928664,0.8564608802,0.5871839388,0.8414133827
4.209964141,0.8617460877,0.5827828763,0.8377868397
4.214999619,0.8690640673,0.5737415555,0.8414133827
4.219882506,0.8747558291,0.5722021139,0.8450111274
4.224917983,0.880447591,0.5690940456,0.8450111274
4.22995346,0.8849196896,0.5675251168,0.8450111274
4.234988937,0.8902048971,0.5643566857,0.8414133827
4.239871824,0.8975228766,0.5578928844,0.8414133827
4.244907301,0.9024015297,0.5529283876,0.8377868397
4.249942779,0.9080932915,0.5495603245,0.8450111274
4.254978256,0.9121588357,0.5478581635,0.8450111274
4.259861143,0.9162243799,0.5478581635,0.8450111274
4.26489662,0.9198833697,0.5426765667,0.8377868397
4.269932097,0.9227292506,0.5426765667,0.8377868397
4.274967575,0.925981686,0.5409235724,0.8414133827
4.279850462,0.9263882404,0.5391572852,0.8414133827
4.284885939,0.9267947948,0.5409235724,0.8450111274
4.289921416,0.9272013493,0.5426765667,0.852122498
4.294956893,0.9267947948,0.5426765667,0.8485806474
4.299992371,0.9332996656,0.5373774572,0.8485806474
4.304875258,0.9483675887,0.5282660015,0.8414133827
4.309910735,0.9585314492,0.5207048763,0.8377868397
4.314946212,0.9686953097,0.5148620553,0.8377868397
4.319981689,0.9756067348,0.51287981,0.834130906
4.324864576,0.9808919423,0.5088610605,0.8414133827
4.329900053,0.9812984967,0.5088610605,0.8414133827
4.334935531,0.9825181599,0.5088610605,0.8450111274
4.339971008,0.9829247144,0.5088610605,0.8450111274
4.344853895,0.9829247144,0.5108796119,0.8450111274
4.349889372,0.9833312688,0.51287981,0.8414133827
4.354924849,0.979672279,0.5148620553,0.8450111274
4.359960327,0.974793626,0.5168267344,0.8450111274
4.364995804,0.969914973,0.518774221,0.8414133827
4.369878691,0.9642232111,0.518774221,0.8414133827
4.374914168,0.9581248948,0.5226190495,0.8450111274
4.379949645,0.9532462417,0.5263992903,0.8485806474
4.384985123,0.9499938064,0.5282660015,0.852122498
4.38986801,0.9455217078,0.5319541394,0.852122498
4.394903487,0.9422692724,0.5337761512,0.8556372172
4.399938964,0.9382037282,0.5373774572,0.852122498
4.404974441,0.9345193288,0.5391572852,0.852122498
4.409857328,0.9296406758,0.5426765667,0.852122498
4.414892805,0.9255751316,0.5461436318,0.852122498
4.419928283,0.9198833697,0.5495603245,0.852122498
4.42496376,0.9170374888,0.5478581635,0.8485806474
4.429999237,0.9150047167,0.5495603245,0.8485806474
4.434882124,0.9117522813,0.5512503296,0.852122498
4.439917601,0.910532618,0.5529283876,0.8556372172
4.444953079,0.908499846,0.5529283876,0.8556372172
4.449988556,0.9068736283,0.5529283876,0.8556372172
4.454871443,0.9052474106,0.5562494698,0.8556372172
4.45990692,0.9036211929,0.5562494698,0.8556372172
4.464942397,0.9019949753,0.5578928844,0.8556372172
4.469977874,0.9019949753,0.5578928844,0.8556372172
4.474860761,0.900775312,0.559525133,0.8485806474
4.479896239,0.8999622032,0.5611463982,0.852122498
4.484931716,0.8995556487,0.562756858,0.8485806474
4.489967193,0.8987425399,0.562756858,0.852122498
4.49485008,0.8975228766,0.562756858,0.852122498
4.499885557,0.8971163222,0.562756858,0.8450111274
4.504921035,0.8958966589,0.5611463982,0.8485806474
4.509956512,0.8942704412,0.562756858,0.8485806474
4.514991989,0.8926442236,0.562756858,0.8556372172
4.519874876,0.8914245603,0.5659460504,0.8556372172
4.524910353,0.8914245603,0.5659460504,0.8556372172
4.529945831,0.8906114515,0.5659460504,0.852122498
4.534981308,0.8897983426,0.5659460504,0.852122498
4.539864195,0.8885786794,0.5675251168,0.8485806474
4.544899672,0.8877655705,0.5690940456,0.8485806474
4.549935149,0.8869524617,0.5690940456,0.8485806474
4.554970626,0.8865459073,0.5690940456,0.8485806474
4.559853513,0.8857327985,0.5659460504,0.8450111274
4.564888991,0.885326244,0.5690940456,0.8485806474
4.569924468,0.8841065808,0.5706529937,0.852122498
4.574959945,0.8837000264,0.5675251168,0.8450111274
4.579995422,0.8828869175,0.5722021139,0.8485806474
4.584878309,0.8816672543,0.5706529937,0.8485806474
4.589913787,0.8808541454,0.5722021139,0.8450111274
4.594949264,0.880447591,0.5722021139,0.8450111274
4.599984741,0.880447591,0.5706529937,0.8450111274
4.604867628,0.8796344822,0.5722021139,0.8450111274
4.609903105,0.8792279277,0.5722021139,0.8485806474
4.614938582,0.8788213733,0.5722021139,0.8485806474
4.61997406,0.8784148189,0.5722021139,0.852122498
4.624856947,0.8780082645,0.5722021139,0.8556372172
4.629892424,0.8780082645,0.5722021139,0.8556372172
4.634927901,0.8776017101,0.5722021139,0.8556372172
4.639963378,0.8776017101,0.5737415555,0.8556372172
4.644998856,0.8771951557,0.5737415555,0.8556372172
4.649881743,0.8771951557,0.5737415555,0.852122498
4.65491722,0.8767886012,0.5752714641,0.852122498
4.659952697,0.8767886012,0.5737415555,0.8485806474
4.664988174,0.8763820468,0.5737415555,0.8556372172
4.669871061,0.8763820468,0.5722021139,0.852122498
4.674906539,0.8759754924,0.5722021139,0.8485806474
4.679942016,0.8759754924,0.5722021139,0.8485806474
4.684977493,0.875568938,0.5737415555,0.8485806474
4.68986038,0.8751623836,0.5722021139,0.8485806474
4.694895857,0.8751623836,0.5737415555,0.852122498
4.699931334,0.8751623836,0.5737415555,0.8556372172
4.704966812,0.8751623836,0.5737415555,0.8556372172
4.709849699,0.8751623836,0.5752714641,0.8591253266
4.714885176,0.8751623836,0.5752714641,0.8556372172
4.719920653,0.8751623836,0.5737415555,0.852122498
4.72495613,0.8751623836,0.5752714641,0.852122498
4.729991608,0.8751623836,0.5737415555,0.8556372172
4.734874495,0.875568938,0.5752714641,0.8485806474
4.739909972,0.875568938,0.5722021139,0.8556372172
4.744945449,0.875568938,0.5752714641,0.8450111274
4.749980926,0.875568938,0.5737415555,0.8485806474
4.754863813,0.875568938,0.5737415555,0.8485806474
4.759899291,0.8751623836,0.5722021139,0.852122498
4.764934768,0.8747558291,0.5737415555,0.8556372172
4.769970245,0.8747558291,0.5737415555,0.8556372172
4.774853132,0.8751623836,0.576791982,0.8591253266
4.779888609,0.8751623836,0.5737415555,0.8556372172
4.784924086,0.8751623836,0.5752714641,0.8556372172
4.789959564,0.875568938,0.5752714641,0.8556372172
4.794995041,0.875568938,0.5737415555,0.852122498
4.799877928,0.875568938,0.5752714641,0.8591253266
4.804913405,0.875568938,0.5722021139,0.8556372172
4.809948882,0.875568938,0.5752714641,0.852122498
4.81498436,0.875568938,0.5737415555,0.8556372172
4.819867247,0.875568938,0.5752714641,0.852122498
4.824902724,0.875568938,0.5752714641,0.852122498
4.829938201,0.875568938,0.5752714641,0.8485806474
4.834973678,0.875568938,0.5722021139,0.852122498
4.839856565,0.875568938,0.5722021139,0.852122498
4.844892042,0.8751623836,0.5737415555,0.852122498
4.84992752,0.8751623836,0.5722021139,0.852122498
4.854962997,0.8751623836,0.5737415555,0.8591253266
4.859998474,0.8751623836,0.5737415555,0.8556372172
4.864881361,0.8751623836,0.5737415555,0.8556372172
4.869916838,0.8751623836,0.5752714641,0.8556372172
4.874952316,0.875568938,0.5752714641,0.8556372172
4.879987793,0.875568938,0.5722021139,0.852122498
4.88487068,0.875568938,0.5722021139,0.852122498
4.889906157,0.875568938,0.5722021139,0.8556372172
4.894941634,0.8751623836,0.5722021139,0.8556372172
4.899977112,0.8751623836,0.5722021139,0.8556372172
4.904859999,0.8747558291,0.5737415555,0.8591253266
4.909895476,0.8751623836,0.5752714641,0.8591253266
4.914930953,0.8751623836,0.5737415555,0.8591253266
4.91996643,0.875568938,0.5752714641,0.8556372172
4.924849317,0.875568938,0.5752714641,0.8556372172
4.929884794,0.8759754924,0.5752714641,0.852122498
4.934920272,0.875568938,0.5737415555,0.8556372172
4.939955749,0.8751623836,0.5722021139,0.8556372172
4.944991226,0.8747558291,0.5722021139,0.8591253266
4.949874113,0.8747558291,0.5752714641,0.8591253266
4.95490959,0.875568938,0.5752714641,0.8556372172
4.959945068,0.875568938,0.5722021139,0.8556372172
4.964980545,0.875568938,0.5722021139,0.8556372172
4.969863432,0.8751623836,0.5737415555,0.8591253266
4.974898909,0.8751623836,0.5737415555,0.8591253266
4.979934386,0.8751623836,0.5752714641,0.8591253266
4.984969863,0.875568938,0.5737415555,0.852122498
4.98985275,0.875568938,0.5722021139,0.852122498
4.994888228,0.875568938,0.5737415555,0.852122498
4.999923705,0.8751623836,0.5722021139,0.8556372172
5.004959182,0.8751623836,0.5737415555,0.8556372172
5.009994659,0.8747558291,0.5722021139,0.8591253266
5.014877546,0.8747558291,0.5722021139,0.8625873316
5.019913024,0.8751623836,0.5737415555,0.8625873316
5.024948501,0.8751623836,0.5737415555,0.8625873316
5.029983978,0.8747558291,0.5737415555,0.8625873316
5.034866865,0.8751623836,0.5752714641,0.8625873316
5.039902342,0.8751623836,0.5752714641,0.8591253266
5.04493782,0.875568938,0.5752714641,0.8556372172
5.049973297,0.875568938,0.5752714641,0.8556372172
5.054856184,0.875568938,0.5722021139,0.8556372172
5.059891661,0.8751623836,0.5722021139,0.8556372172
5.064927138,0.8747558291,0.5722021139,0.8625873316
5.069962615,0.8747558291,0.5737415555,0.8591253266
5.074998093,0.8751623836,0.5752714641,0.8625873316
5.07988098,0.8751623836,0.5752714641,0.8591253266
5.084916457,0.875568938,0.5752714641,0.8591253266
5.089951934,0.8759754924,0.5752714641,0.8556372172
5.094987411,0.875568938,0.5752714641,0.8556372172
5.099870298,0.875568938,0.5722021139,0.8591253266
5.104905776,0.8751623836,0.5722021139,0.8591253266
5.109941253,0.8751623836,0.5737415555,0.8625873316
5.11497673,0.8747558291,0.5737415555,0.8625873316
5.119859617,0.8751623836,0.5737415555,0.8625873316
5.124895094,0.8751623836,0.5752714641,0.8625873316
5.129930571,0.8751623836,0.5752714641,0.8591253266
5.134966049,0.8751623836,0.5752714641,0.8625873316
5.139848936,0.8751623836,0.5752714641,0.8556372172
5.144884413,0.8751623836,0.5752714641,0.8556372172
5.14991989,0.875568938,0.5752714641,0.8556372172
5.154955367,0.875568938,0.5752714641,0.852122498
5.159990845,0.875568938,0.5722021139,0.852122498
5.164873732,0.875568938,0.5737415555,0.852122498
5.169909209,0.8759754924,0.5752714641,0.8556372172
5.174944686,0.875568938,0.5722021139,0.852122498
5.179980163,0.875568938,0.5722021139,0.852122498
5.18486305,0.8751623836,0.5722021139,0.852122498
5.189898528,0.8751623836,0.5722021139,0.852122498
5.194934005,0.8751623836,0.5722021139,0.8556372172
5.199969482,0.8747558291,0.5737415555,0.8556372172
5.204852369,0.8751623836,0.5722021139,0.852122498
5.209887846,0.8751623836,0.5737415555,0.8556372172
5.214923323,0.8751623836,0.5737415555,0.8625873316
5.219958801,0.8751623836,0.5737415555,0.8591253266
5.224994278,0.8751623836,0.5752714641,0.8625873316
5.229877165,0.8751623836,0.5737415555,0.8591253266
5.234912642,0.8751623836,0.5752714641,0.8556372172
5.239948119,0.8751623836,0.5752714641,0.8556372172
5.244983597,0.875568938,0.5752714641,0.8556372172
5.249866484,0.875568938,0.5737415555,0.8556372172
5.254901961,0.8751623836,0.5752714641,0.852122498
5.259937438,0.8759754924,0.5737415555,0.8485806474
5.264972915,0.875568938,0.5737415555,0.8485806474
5.269855802,0.870690285,0.5752714641,0.852122498
5.27489128,0.7499182127,0.7147512715,0.8861298578
5.279926757,0.6624836028,0.8734292907,0.9389333808
5.284962234,0.6397165553,0.9242990145,0.9563121074
5.289997711,0.6393100009,0.9108904545,0.9418713356
5.294880598,0.6393100009,0.9061404883,0.9300154463
5.299916075,0.6397165553,0.9045109197,0.9147891187
5.304951553,0.6397165553,0.9034430205,0.9085647567
5.30998703,0.6401231098,0.9029079698,0.8958727083
5.314869917,0.6401231098,0.900221607,0.8926470117
5.319905394,0.6511000791,0.8604848786,0.8795224514
5.324940871,0.6872834224,0.7641547763,0.852122498
5.329976349,0.7377215801,0.6877954957,0.811542301
5.334859236,0.7763442499,0.6408775964,0.7877214215
5.339894713,0.8304159877,0.5929354253,0.7624818112
5.34493019,0.8902048971,0.5545947017,0.7624818112
5.349965667,0.9097195092,0.5426765667,0.7710660295
5.354848554,0.9113457269,0.5478581635,0.7877214215
5.359884031,0.9093129548,0.5495603245,0.8037472777
5.364919509,0.9064670739,0.5512503296,0.8192007008
5.369954986,0.9036211929,0.5545947017,0.8229805328
5.374990463,0.9024015297,0.5562494698,0.8304449692
5.37987335,0.9003687576,0.5578928844,0.8304449692
5.384908827,0.8975228766,0.559525133,0.834130906
5.389944305,0.8954901045,0.559525133,0.834130906
5.394979782,0.8918311147,0.5611463982,0.8414133827
5.399862669,0.8885786794,0.5611463982,0.8414133827
5.404898146,0.8857327985,0.5659460504,0.8450111274
5.409933623,0.8837000264,0.5675251168,0.8485806474
5.414969101,0.8800410366,0.5722021139,0.8485806474
5.419851988,0.8780082645,0.5722021139,0.8485806474
5.424887465,0.8751623836,0.5722021139,0.8414133827
5.429922942,0.8731296115,0.5722021139,0.8450111274
5.434958419,0.870690285,0.576791982,0.8450111274
5.439993896,0.8682509584,0.576791982,0.8450111274
5.444876783,0.8662181863,0.5783032481,0.852122498
5.449912261,0.8645919686,0.5812985643,0.852122498
5.454947738,0.8629657509,0.5827828763,0.8485806474
5.459983215,0.8617460877,0.5827828763,0.852122498
5.464866102,0.8605264244,0.5857254413,0.8450111274
5.469901579,0.8593067612,0.5842584608,0.8450111274
5.474937057,0.8584936523,0.5842584608,0.8485806474
5.479972534,0.8580870979,0.5871839388,0.8450111274
5.484855421,0.8568674347,0.5857254413,0.8414133827
5.489890898,0.8568674347,0.5857254413,0.8450111274
5.494926375,0.8560543258,0.5871839388,0.8450111274
5.499961852,0.8560543258,0.5871839388,0.8485806474
5.50499733,0.855241217,0.5871839388,0.852122498
5.509880217,0.855241217,0.5857254413,0.852122498
5.514915694,0.8548346626,0.5871839388,0.852122498
5.519951171,0.8540215537,0.5886340715,0.8556372172
5.524986648,0.8540215537,0.5900759552,0.852122498
5.529869535,0.8540215537,0.5915097029,0.8556372172
5.534905013,0.8544281082,0.5900759552,0.852122498
5.53994049,0.8540215537,0.5900759552,0.8485806474
5.544975967,0.8540215537,0.5900759552,0.8485806474
5.549858854,0.8536149993,0.5886340715,0.8485806474
5.554894331,0.8532084449,0.5900759552,0.8485806474
5.559929809,0.8532084449,0.5886340715,0.8450111274
5.564965286,0.8528018905,0.5871839388,0.852122498
5.569848173,0.8528018905,0.5900759552,0.852122498
5.57488365,0.8528018905,0.5900759552,0.852122498
5.579919127,0.8528018905,0.5915097029,0.8556372172
5.584954604,0.8528018905,0.5915097029,0.852122498
5.589990082,0.8532084449,0.5915097029,0.8485806474
5.594872969,0.8532084449,0.5886340715,0.8450111274
5.599908446,0.8532084449,0.5871839388,0.8450111274
5.604943923,0.8528018905,0.5900759552,0.8485806474
5.6099794,0.8523953361,0.5871839388,0.8450111274
5.614862287,0.8523953361,0.5900759552,0.8485806474
5.619897765,0.8523953361,0.5900759552,0.852122498
5.624933242,0.8523953361,0.5900759552,0.8556372172
5.629968719,0.8528018905,0.5915097029,0.852122498
5.634851606,0.8532084449,0.5900759552,0.8485806474
5.639887083,0.8532084449,0.5886340715,0.8485806474
5.644922561,0.8528018905,0.5900759552,0.8485806474
5.649958038,0.8528018905,0.5886340715,0.8485806474
5.654993515,0.8523953361,0.5900759552,0.8556372172
5.659876402,0.8523953361,0.5900759552,0.852122498
5.664911879,0.8523953361,0.5929354253,0.8556372172
5.669947356,0.8528018905,0.5915097029,0.8556372172
5.674982834,0.8528018905,0.5900759552,0.8485806474
5.679865721,0.8528018905,0.5900759552,0.8485806474
5.684901198,0.8528018905,0.5886340715,0.8485806474
5.689936675,0.8523953361,0.5886340715,0.852122498
5.694972152,0.8523953361,0.5915097029,0.8556372172
5.699855039,0.8523953361,0.5915097029,0.8556372172
5.704890517,0.8523953361,0.5900759552,0.852122498
5.709925994,0.8523953361,0.5900759552,0.852122498
5.714961471,0.8528018905,0.5915097029,0.852122498
5.719996948,0.8528018905,0.5929354253,0.852122498
5.724879835,0.8532084449,0.5915097029,0.8485806474
5.729915312,0.8528018905,0.5900759552,0.852122498
5.73495079,0.8528018905,0.5900759552,0.852122498
5.739986267,0.8528018905,0.5900759552,0.8485806474
5.744869154,0.8528018905,0.5900759552,0.8485806474
5.749904631,0.8528018905,0.5886340715,0.852122498
5.754940108,0.8523953361,0.5886340715,0.852122498
5.759975586,0.8523953361,0.5900759552,0.8556372172
5.764858473,0.8523953361,0.5900759552,0.852122498
5.76989395,0.8523953361,0.5900759552,0.8556372172
5.774929427,0.8523953361,0.5915097029,0.8591253266
5.779964904,0.8523953361,0.5900759552,0.8591253266
5.784847791,0.8523953361,0.5915097029,0.8591253266
5.789883269,0.8528018905,0.5915097029,0.852122498
5.794918746,0.8528018905,0.5915097029,0.8556372172
5.799954223,0.8528018905,0.5900759552,0.8485806474
5.8049897,0.8528018905,0.5929354253,0.8556372172
5.809872587,0.8532084449,0.5915097029,0.852122498
5.814908064,0.8532084449,0.5900759552,0.852122498
5.819943542,0.8532084449,0.5900759552,0.852122498
5.824979019,0.8528018905,0.5886340715,0.852122498
5.829861906,0.8528018905,0.5886340715,0.852122498
5.834897383,0.8528018905,0.5886340715,0.852122498
5.83993286,0.8523953361,0.5900759552,0.852122498
5.844968338,0.8523953361,0.5900759552,0.8556372172
5.849851225,0.8523953361,0.5915097029,0.8556372172
5.854886702,0.8523953361,0.5915097029,0.8556372172
5.859922179,0.8528018905,0.5900759552,0.8556372172
5.864957656,0.8528018905,0.5915097029,0.852122498
5.869993133,0.8528018905,0.5900759552,0.8485806474
5.87487602,0.8532084449,0.5900759552,0.8485806474
5.879911498,0.8528018905,0.5900759552,0.8485806474
5.884946975,0.8523953361,0.5886340715,0.852122498
5.889982452,0.8523953361,0.5900759552,0.852122498
5.894865339,0.8523953361,0.5915097029,0.8556372172
5.899900816,0.8523953361,0.5915097029,0.8556372172
5.904936294,0.8523953361,0.5915097029,0.8591253266
5.909971771,0.8528018905,0.5929354253,0.852122498
5.914854658,0.8528018905,0.5915097029,0.852122498
5.919890135,0.8532084449,0.5900759552,0.852122498
5.924925612,0.8532084449,0.5915097029,0.8485806474
5.92996109,0.8528018905,0.5900759552,0.852122498
5.934996567,0.8523953361,0.5900759552,0.8556372172
5.939879454,0.8523953361,0.5886340715,0.8556372172
5.944914931,0.8523953361,0.5900759552,0.8556372172
5.949950408,0.8523953361,0.5900759552,0.8556372172
5.954985885,0.8528018905,0.5929354253,0.8556372172
5.959868772,0.8528018905,0.5929354253,0.8485806474
5.96490425,0.8532084449,0.5915097029,0.8485806474
5.969939727,0.8532084449,0.5886340715,0.8450111274
5.974975204,0.8528018905,0.5900759552,0.8485806474
5.979858091,0.8528018905,0.5886340715,0.8485806474
5.984893568,0.8523953361,0.5886340715,0.852122498
5.989929046,0.8523953361,0.5900759552,0.852122498
5.994964523,0.8523953361,0.5886340715,0.852122498
6,0.8528018905,0.5929354253,0.8556372172
6.004882887,0.8528018905,0.5900759552,0.8485806474
6.009918364,0.8532084449,0.5915097029,0.8450111274
6.014953842,0.8528018905,0.5900759552,0.8450111274
6.019989319,0.8528018905,0.5886340715,0.8450111274
6.024872206,0.8523953361,0.5886340715,0.852122498
6.029907683,0.8523953361,0.5915097029,0.852122498
6.03494316,0.8523953361,0.5915097029,0.8556372172
6.039978637,0.8528018905,0.5915097029,0.8556372172
6.044861524,0.8532084449,0.5915097029,0.8485806474
6.049897002,0.8528018905,0.5900759552,0.8450111274
6.054932479,0.8523953361,0.5900759552,0.8485806474
6.059967956,0.8523953361,0.5900759552,0.8556372172
6.064850843,0.8528018905,0.5900759552,0.8485806474
6.06988632,0.8532084449,0.5900759552,0.8450111274
6.074921798,0.8528018905,0.5900759552,0.8485806474
6.079957275,0.8523953361,0.5915097029,0.852122498
6.084992752,0.8523953361,0.5915097029,0.852122498
6.089875639,0.8528018905,0.5900759552,0.8485806474
6.094911116,0.8532084449,0.5900759552,0.8485806474
6.099946593,0.8528018905,0.5886340715,0.8485806474
6.104982071,0.8523953361,0.5915097029,0.852122498
6.109864958,0.8523953361,0.5915097029,0.8556372172
6.114900435,0.8528018905,0.5900759552,0.8556372172
6.119935912,0.8532084449,0.5915097029,0.8556372172
6.124971389,0.8532084449,0.5900759552,0.8485806474
6.129854276,0.8528018905,0.5886340715,0.852122498
6.134889754,0.8523953361,0.5886340715,0.8591253266
6.139925231,0.8523953361,0.5915097029,0.8556372172
6.144960708,0.8528018905,0.5915097029,0.852122498
6.149996185,0.8528018905,0.5929354253,0.8556372172
6.154879072,0.8532084449,0.5900759552,0.8485806474
6.15991455,0.8528018905,0.5900759552,0.852122498
6.164950027,0.8523953361,0.5900759552,0.8556372172
6.169985504,0.8523953361,0.5900759552,0.8591253266
6.174868391,0.8532084449,0.5900759552,0.8556372172
6.179903868,0.8528018905,0.5900759552,0.8485806474
6.184939345,0.8528018905,0.5886340715,0.852122498
6.189974823,0.8523953361,0.5915097029,0.8556372172
6.19485771,0.8528018905,0.5929354253,0.852122498
6.199893187,0.8532084449,0.5900759552,0.852122498
6.204928664,0.8523953361,0.5886340715,0.852122498
6.209964141,0.8523953361,0.5915097029,0.8591253266
6.214999619,0.8523953361,0.5915097029,0.8591253266
6.219882506,0.8532084449,0.5900759552,0.852122498
6.224917983,0.8532084449,0.5900759552,0.852122498
6.22995346,0.8523953361,0.5900759552,0.8556372172
6.234988937,0.8523953361,0.5915097029,0.852122498
6.239871824,0.8528018905,0.5900759552,0.852122498
6.244907301,0.8528018905,0.5900759552,0.8485806474
6.249942779,0.8523953361,0.5886340715,0.852122498
